header-fixedaddress,ip_address*,mac_address*
fixedaddress,00:a7:42:96:11:34,10.59.250.15,
fixedaddress,00:3a:7d:c9:b7:54,10.59.250.16,
fixedaddress,00:42:68:bb:46:d0,10.59.250.17,
fixedaddress,00:42:68:bb:24:9c,10.59.250.18,
fixedaddress,78:bc:1a:ad:ab:ca,10.59.250.19,
fixedaddress,e0:0e:da:8b:61:9c,10.59.250.20,
fixedaddress,78:bc:1a:4e:60:52,10.59.250.21,
fixedaddress,00:c8:8b:a8:74:f4,10.59.250.22,
fixedaddress,00:35:1a:8b:97:f8,10.59.250.23,
fixedaddress,00:fe:c8:70:11:a4,10.59.250.24,
fixedaddress,00:fe:c8:4e:29:8c,10.59.250.25,
fixedaddress,cc:46:d6:f5:91:8c,10.59.250.26,
fixedaddress,00:fe:c8:7f:63:9c,10.59.250.27,
fixedaddress,78:bc:1a:6b:af:74,10.59.250.28,
fixedaddress,00:35:1a:8e:79:68,10.59.250.29,
fixedaddress,78:bc:1a:9a:10:f2,10.59.250.30,
fixedaddress,00:c8:8b:f2:75:b8,10.59.250.31,
fixedaddress,70:e4:22:cf:1f:00,10.59.250.32,
fixedaddress,70:e4:22:cf:1e:52,10.59.250.33,
fixedaddress,70:e4:22:cf:1e:f8,10.59.250.34,
fixedaddress,00:35:1a:8b:9f:b4,10.59.250.35,
fixedaddress,00:c8:8b:41:38:10,10.59.250.36,
fixedaddress,78:bc:1a:96:ff:10,10.59.250.37,
fixedaddress,00:c8:8b:e8:18:70,10.59.250.38,
fixedaddress,58:ac:78:c4:61:60,10.59.250.39,
fixedaddress,08:4f:a9:1b:44:26,10.59.250.40,
fixedaddress,00:35:1a:8e:72:a4,10.59.250.41,
fixedaddress,70:e4:22:cf:1e:5a,10.59.250.42,
fixedaddress,68:3b:78:d5:2f:82,10.59.250.43,
fixedaddress,70:e4:22:cf:1e:50,10.59.250.44,
fixedaddress,70:e4:22:cf:1e:e8,10.59.250.45,
fixedaddress,70:e4:22:cf:1e:54,10.59.250.46,
fixedaddress,68:3b:78:d5:42:1a,10.59.250.47,
fixedaddress,00:35:1a:63:03:94,10.59.250.48,
fixedaddress,08:4f:a9:1f:82:18,10.59.250.49,
fixedaddress,3c:41:0e:e2:1c:90,10.59.250.50,
fixedaddress,08:4f:a9:49:33:ca,10.59.250.51,
fixedaddress,08:4f:a9:0c:36:cc,10.59.250.52,
fixedaddress,70:e4:22:cf:1e:e4,10.59.250.53,
fixedaddress,70:e4:22:cf:1d:92,10.59.250.54,
fixedaddress,3c:51:0e:4e:ca:ce,10.59.250.55,
fixedaddress,00:c8:8b:34:c8:10,10.59.250.56,
fixedaddress,f8:72:ea:23:af:8f,10.59.250.57,
fixedaddress,00:c8:8b:f2:69:f0,10.59.250.58,
fixedaddress,58:ac:78:c4:69:dc,10.59.250.59,
fixedaddress,84:3d:c6:90:2a:d4,10.59.250.60,
fixedaddress,58:ac:78:c4:71:48,10.59.250.61,
fixedaddress,08:4f:a9:0c:39:1a,10.59.250.62,
fixedaddress,3c:41:0e:e2:19:48,10.59.250.63,
fixedaddress,84:3d:c6:a9:8f:a8,10.59.250.64,
fixedaddress,84:3d:c6:90:3c:98,10.59.250.65,
fixedaddress,70:e4:22:cf:1e:3c,10.59.250.66,
fixedaddress,08:4f:a9:1b:2e:1c,10.59.250.67,
fixedaddress,00:a6:ca:28:e2:a8,10.59.250.68,
fixedaddress,68:3b:78:b1:bc:74,10.59.250.69,
fixedaddress,70:e4:22:fc:d2:d8,10.59.250.70,
fixedaddress,2c:5a:0f:a0:e7:d4,10.59.250.71,
fixedaddress,70:df:2f:1c:b5:10,10.59.250.72,
fixedaddress,70:df:2f:1c:b7:a8,10.59.250.73,
fixedaddress,08:4f:a9:1f:70:06,10.59.250.74,
fixedaddress,00:27:e3:5e:95:ac,10.59.250.75,
fixedaddress,00:27:e3:f1:3a:ac,10.59.250.76,
fixedaddress,08:4f:a9:0c:37:a0,10.59.250.77,
fixedaddress,70:e4:22:cf:1d:80,10.59.250.78,
fixedaddress,08:4f:a9:5d:29:24,10.59.250.79,
fixedaddress,a0:23:9f:da:34:54,10.59.250.80,
fixedaddress,00:27:e3:f1:3e:78,10.59.250.81,
fixedaddress,84:3d:c6:a9:85:b8,10.59.250.82,
fixedaddress,b0:26:80:88:25:30,10.59.250.83,
fixedaddress,b0:26:80:92:12:2c,10.59.250.84,
fixedaddress,b0:26:80:8d:a5:70,10.59.250.85,
fixedaddress,b0:26:80:8d:a9:38,10.59.250.86,
fixedaddress,38:90:a5:7c:ab:7c,10.59.250.87,
fixedaddress,2c:5a:0f:a0:f1:30,10.59.250.88,
fixedaddress,38:90:a5:7c:95:28,10.59.250.89,
fixedaddress,00:3a:7d:c9:8a:78,10.59.250.90,
fixedaddress,00:b7:71:94:04:ac,10.59.250.91,
fixedaddress,2c:5a:0f:a0:f0:4c,10.59.250.92,
fixedaddress,08:4f:a9:1f:6d:b6,10.59.250.93,
fixedaddress,3c:41:0e:e2:4b:c0,10.59.250.94,
fixedaddress,00:a7:42:c8:67:a4,10.59.250.95,
fixedaddress,50:0f:80:89:8e:80,10.59.250.96,
fixedaddress,b0:26:80:8d:a5:80,10.59.250.97,
fixedaddress,2c:5a:0f:a0:f4:5c,10.59.250.98,
fixedaddress,2c:5a:0f:a0:6e:2c,10.59.250.99,
fixedaddress,00:a7:42:ff:bc:b8,10.59.250.100,
fixedaddress,b0:26:80:8d:a9:40,10.59.250.101,
fixedaddress,58:ac:78:c4:60:0c,10.59.250.102,
fixedaddress,00:a7:42:ff:c1:30,10.59.250.103,
fixedaddress,b0:26:80:88:2b:7c,10.59.250.104,
fixedaddress,2c:5a:0f:a0:f6:2e,10.59.250.105,
fixedaddress,2c:5a:0f:a0:f8:1c,10.59.250.106,
fixedaddress,2c:5a:0f:a0:f4:ba,10.59.250.107,
fixedaddress,b0:26:80:88:2a:98,10.59.250.108,
fixedaddress,b0:26:80:92:10:a8,10.59.250.109,
fixedaddress,40:01:7a:ee:81:ac,10.59.250.110,
fixedaddress,b0:26:80:8d:ab:2c,10.59.250.111,
fixedaddress,3c:51:0e:40:b9:20,10.59.250.112,
fixedaddress,58:ac:78:bb:3a:f4,10.59.250.113,
fixedaddress,3c:51:0e:fa:3b:6c,10.59.250.114,
fixedaddress,68:3b:78:57:79:26,10.59.250.115,
fixedaddress,6c:41:6a:16:fb:35,10.59.250.116,
fixedaddress,a0:23:9f:da:30:64,10.59.250.117,
fixedaddress,3c:51:0e:60:3c:e8,10.59.250.118,
fixedaddress,a0:b4:39:5d:b7:ac,10.59.250.119,
fixedaddress,3c:41:0e:e2:19:88,10.59.250.120,
fixedaddress,3c:41:0e:e2:47:88,10.59.250.121,
fixedaddress,5c:5a:c7:10:c9:48,10.59.250.122,
fixedaddress,00:42:68:db:6d:f8,10.59.250.123,
fixedaddress,50:0f:80:94:a7:b4,10.59.250.124,
fixedaddress,e0:0e:da:28:79:9c,10.59.250.125,
fixedaddress,00:3a:7d:5e:ff:30,10.59.250.126,
fixedaddress,78:bc:1a:ad:ab:ce,10.59.250.127,
fixedaddress,3c:41:0e:e2:4c:00,10.59.250.128,
fixedaddress,3c:41:0e:e2:47:b0,10.59.250.129,
fixedaddress,00:c1:64:a3:c8:30,10.59.250.130,
fixedaddress,00:35:1a:63:08:88,10.59.250.131,
fixedaddress,2c:5a:0f:a0:9f:c0,10.59.250.132,
fixedaddress,00:c8:8b:a8:79:2c,10.59.250.133,
fixedaddress,68:3b:78:57:79:06,10.59.250.134,
fixedaddress,68:3b:78:b1:c0:ac,10.59.250.135,
fixedaddress,70:df:2f:41:d1:44,10.59.250.136,
fixedaddress,00:42:68:bb:7a:08,10.59.250.137,
fixedaddress,58:ac:78:bb:52:ac,10.59.250.138,
fixedaddress,08:4f:a9:67:63:dc,10.59.250.139,
fixedaddress,a0:b4:39:88:70:1a,10.59.250.140,
fixedaddress,a0:b4:39:3f:4c:c4,10.59.250.141,
fixedaddress,e0:0e:da:8b:8b:04,10.59.250.142,
fixedaddress,3c:41:0e:e2:47:d8,10.59.250.143,
fixedaddress,00:62:ec:2c:24:74,10.59.250.144,
fixedaddress,3c:41:0e:e2:45:90,10.59.250.145,
fixedaddress,00:c8:8b:34:ca:f4,10.59.250.146,
fixedaddress,00:62:ec:2c:1f:50,10.59.250.147,
fixedaddress,00:62:ec:2c:1e:80,10.59.250.148,
fixedaddress,00:62:ec:2c:1e:94,10.59.250.149,
fixedaddress,50:0f:80:da:7e:a0,10.59.250.150,
fixedaddress,70:e4:22:cf:1d:5e,10.59.250.151,
fixedaddress,70:e4:22:cf:1e:34,10.59.250.152,
fixedaddress,50:0f:80:94:a8:f4,10.59.250.153,
fixedaddress,00:3a:7d:5f:2e:a8,10.59.250.154,
fixedaddress,50:2f:a8:79:2c:24,10.59.250.155
